tweet_id_customer,text_customer,text_amazon,provisional_intent,label_confidence,gold_intent,annotator_notes
2840167,@AmazonHelp It seems your subscription button is breaking the add to cart button on several of your pantry items. Clicking one time purchase is not working. I just need one!,@790370 We're here to help! Which product are you trying to purchase and what device are you using? Please let us know! ^FD,product_issue,medium,product_issue,
2492160,@AmazonHelp @146956 @115858 @1560 @131027 @2517 first @115821 send me a damaged product now ignoring my issue check out my invoice and product which i get.. https://t.co/DtpUlv1wGG,"@305710 I apologize for the Inconvenience, Navjot. We'd like to help you out. Please fill this form: https://t.co/beaaDm0muc and we’ll contact you soon. Please don't provide your order details, as we consider it to be personal information. Our Twitter page is public.​ ^NK",product_issue,high,product_issue,
1302337,@AmazonHelp The items box looked slightly damaged. Im pissed,@424354 We'd like to look into our available options! Please reach us here: https://t.co/hApLpMlfHN ^AG,product_issue,medium,product_issue,
1710827,Hey @115821 is it common practice to ship an expensive rifle scope in an envelope? #afraidtoopen,@518276 We're always looking to improve! Was your item damaged? You can leave feedback on our packaging here: https://t.co/TH7UAFZey5 ^AR,product_issue,medium,product_issue,
1721608,@119959 @115828 I preordered this game 14 months ago just to be sent it for the wrong console. FML... https://t.co/EMBHygMbOL,@520984 I'm sorry for the mix-up! Please contact us so we can look into this and review options: https://t.co/hApLpMlfHN ^WT,product_issue,medium,product_issue,
874848,Really disappointed with how @115828 shipped my copy of FE: Warriors LE. Box has a lot of damage bc they put it in an envelope! https://t.co/N99uk5hKJ7,"@327703 I'm so sorry to see this! Was anything damaged in the package? If so, look for available options here: https://t.co/Y5jpI9gRhE ^TH",product_issue,medium,product_issue,
1568915,"@149087@ @132994 very disappointed by your seller @115850 CC executive does not know the minimum disency to talk to customer, brand new defective phone taking ages to replace and no hand to hand replacement despite confirmation about the defect by Amazon, #notaflagship",@484020 We're sorry for the unpleasant experience. Please share your details here: https://t.co/GIJyeYqKE0 and we'll help you. ^ZH,product_issue,high,product_issue,
133842,"@AmazonHelp Yes I agree, products are genuine. However if a customer resends the product due to defect or not functioning well. So what should Amazon do. Shuld amzn resell the product to another customer. Or else the product should be sent to seller saying not to sell this as it is defect","@127741 I get your concern, Satish. I'd like to inform you that if a product is returned due to a defect or damage, it would automatically be returned to the seller. However as informed earlier, I've forwarded your feedback to the concerned team. ^EM",product_issue,high,product_issue,
348222,"@115850 sir, I had requested for returning my defective product 6 oct 2017 but untill now no any action has been taken. Pls take care.",@198905 I'm sorry for the hassle. Please reach out to our support team here: https://t.co/vlvfJr4nN9. We will look into it. ^SB,product_issue,high,product_issue,
776035,"@115850 selling CRAP #Awfulservice #extremelybadexperience, selling Sadak Chaap maal. sent defective mobile to my sis on her birthday",@305429 https://t.co/r8OjOjMdND and we'll look into this for you. (2/2) ^VM,product_issue,high,product_issue,
1323916,@115850 @115821 your service is also too worst and I connected but no solution on theri. And also you will sell defective product 🚫❌ https://t.co/CKIpvAHS0I,@206653 Sorry about the unpleasant experience. Please share your details here: https://t.co/GIJyeYqKE0 &amp; we'll get this fixed. ^BS,product_issue,high,product_issue,
920931,@115850 Stop posting shit. You sold be a defective product and doesn't give a damn about  issue. #biycottAmazon #fakeamazon #disappointing services,@626603 here: https://t.co/GIJyeYqKE0 and I'll reach out to you. 2/2 ^MM,product_issue,high,product_issue,
972821,@AmazonHelp stop selling defective products,"@350719 Hi, have you received a product which is defective? Is it listed as sold by Amazon or a seller on the website? ^TS",product_issue,high,product_issue,
2113670,Wow @115821 this is how you package and ship my $500 @115786 One X? Thanks... https://t.co/nfpCdySyWv,"@623209 Just to confirm, was the console damaged? Please let us know! ^KJ",product_issue,medium,product_issue,
382918,"Really wanting to be an @115821 fan, but when all three of my devices are broken after having them for 3 months it's hard...","@206738 Oh no! Sorry to hear that, Jon. Will you tell us more about what's going on? Please don't share personal account info! ^AB",product_issue,medium,product_issue,
1749460,"Un anniversaire sans cadeau grâce à @115821.fr
Il devait arrivée hier et a finalement été livré aujourd'hui en notre absence à un ""résident""",@527292 2/2 Avez-vous récupéré le colis?^FT,delivery_issue,high,delivery_issue,
1744072,"Placed an @115821 order two days ago, paid extra for it to be delivered today. Order status page says.... shipping soon. 3 hours left, and it still hasn't left their warehouse. FFS",@526002 I'm so sorry for this delay. What is the delivery date that was on the confirmation e-mail? https://t.co/XIk3PEM8dy ^HS,delivery_issue,high,delivery_issue,
2772445,"Always a joy when @118706 marks my @115821 shipment as delivered, but doesn't bother to actually deliver the package

@123967 #Fail #Fraud","@774927 Hello Rick, thanks for reaching out to us via Twitter! We'd love to look it this for you! Sometimes when packages are delivered, they are put in a safe place. Have you tried these troubleshooting steps: https://t.co/spMBvwM85j
Pleas let us know if this helps! ^AR",delivery_issue,high,delivery_issue,
1302315,@115821 seriously unacceptable. Pay for prime and 2 day shipping and this is what I get? Leaving tomorrow on trip and now won't have this. https://t.co/wyB4C3wXB2,"@424347 I'm sorry for the delayed experience! If your order doesn't arrive within the updated time, please reach out to us. ^WM",delivery_issue,high,delivery_issue,
603160,"@115830 Your online chat staff should not make me promises !! I've been waiting for a Prime item since I ordered it on Wednesday? meant to be here Friday but didn't arrive so I asked for delivery today, been promised it will be here but it hasn't. Not much hope for tomorrow ??",@247911 I'm so sorry for the wait! What was the date given in your order confirmation e-mail? ^MH,delivery_issue,high,delivery_issue,
312156,#KaroMilkeLateDelivery is the mantra of @115850 can say it with experience. They don't delivery at commmitted time &amp; give excuses https://t.co/6I4kO0jtRL,"@183457 shared here: https://t.co/NTkrxpsbHJ and reply to the email correspondence, we'll reach out. (2/2) ^KA",delivery_issue,medium,delivery_issue,
73518,@115830 do you consider a communal area of a block of flats a safe place to leave a delivery? Especially when I am in the flat all day? Lucky my neighbours are not thieves.,"@132439 I am sorry to hear this, Alan. Is this the first time this ha happened? If not have you raised this with us directly?^SM",delivery_issue,medium,delivery_issue,
397417,@AmazonHelp Una reclamación por vuestra parte.,"@210099 Entiendo. @210100, ¿podrían ayudarnos con esta entrega? Indícanos si no recibes respuesta, Brian. ^LG",delivery_issue,medium,delivery_issue,
725273,@AmazonHelp Order placing 4m non-prime acc prompt 2 prime 2 get nxt day dlvry. bt order placing 4m prime acc never offer nxt day delivery.😂😂,@172146 Not all products are eligible for Prime shipping. The availability of expedited shipping method depends on the (1/2) ^GK,delivery_issue,high,delivery_issue,
295359,"@115850 @AmazonHelp @1145 @144776  Shamelessness reaches it peak with failed attempts by CSR team 2 deliver goods prepaid for,",@182459 Sorry for the trouble Prity. Have you shared your details in the link shared earlier? ^HN,delivery_issue,medium,delivery_issue,
1334312,@AmazonHelp package left at same place from 24 oct of ordder id ( Order# 404-8261166-0718759). what a worst delivery service,@431267 The tracking update will be put up as soon as the package is scanned at a carrier station in transit. (1/3),delivery_issue,high,delivery_issue,
465812,@115821 I know it’s the holiday season but it’s ridiculous that I ordered  something on Monday and won’t get my package till Sunday.  As prime member it’s kinda frustrating/ruined a birthday presents surprise.,"@225830 I'm sorry for the wait! Just to confirm, has the delivery date been changed or delayed since the order has been placed: https://t.co/Y5jpI9gRhE? ^EP",delivery_issue,high,delivery_issue,
617011,"@AmazonHelp Yeah! I totally understand that, but instead of sending it from Gurgaon to sonipat and again to Gurgaon in 2 days, would have been lot easier to deliver to delhi which is way nearer. All this would have ended in a delighted customer coz i need the product desperately before Sat.","@266389 We'll try to deliver the products as early as possible. However, request you to wait till the estimated delivery date. ^KA",delivery_issue,high,delivery_issue,
429053,"@AmazonHelp Unsure, and I believe the email was accidentally emailed. Regardless, I'll just wait. no harm done. thank you for your help","@217035 OK. Just keep us posted on this delivery, Kevin! We want to make sure it arrives safe and sound!! ^FR",delivery_issue,high,delivery_issue,
1431409,Slowly waiting on my stuff from Amazon to come in,@452390 I'm sorry for the wait. What order status and delivery date(s) are you currently seeing here: https://t.co/Y5jpI9gRhE? ^KM,delivery_issue,medium,delivery_issue,
2249779,@AmazonHelp C’est le colis d’un client. C’est pas la 1ère fois que je vous interpelle sur les méthodes de livraisons de ces sociétés privé #TNT,@655520 Je vous remercie de nous l'avoir signalé. Il faut que le titulaire du compte nous contacte  afin que cela soit remonté. ^ARC,account_issue,medium,account_issue,
49930,@AmazonHelp Desde el 11-9. He cumplido TODO lo que me pedísteis. El hartazgo es total. Mirad mi historial desde ese día.,"@127183 Juan, por este medio no contamos con acceso a tu cuenta. ¿Podrías comentarnos más sobre lo que ha ocurrido? ^DA",account_issue,medium,account_issue,
908459,@115821 gone. There is a strange email address locked in now for my normal log in page (on my phone and computer),"@178702 (2/2) e-mail address associated with your account has been changed? If so, please reach us here: https://t.co/jzvkhdlrK5 ^MV",account_issue,high,account_issue,
328051,lo volviste a hacer pinche @116875 sabias que estaba esperando el precio correcto para comprar los tenis y boom,"@194208 Lamento cualquier inconveniente, ¿Podrías comentarnos más sobre lo que ha ocurrido sin publicar detalles de tu cuenta? ^AZ",account_issue,medium,account_issue,
619188,@AmazonHelp Realmente eso es lo más importante y no la pérdida de mi pedido? Podéis pedirme por privado el número de seguimiento y así poder ayudarme creo.....,"@266929 No lo es, Laura. Nuestra intención no es molestarte, pero desde este departamento no tenemos acceso a tu cuenta, por lo que necesitamos algunos datos para poder ayudarte. 
^ES",account_issue,medium,account_issue,
179263,@AmazonHelp 15 jours après aucune nouvelle...et toujours des cartons posés au dessus des boites sans sécurité ... 👏,"@158251 Merci de remplir ce formulaire afin d'avoir une visibilité sur votre compte client via: https://t.co/HtUowg2UGX
^YL",account_issue,medium,account_issue,
2069761,@AmazonHelp No someone went into my account. How could they do that without knowing my email and password?,@612090 I'm sorry for the issue with your account. We'd like to look into this with you: https://t.co/vgp1RcZePj ^JA,account_issue,medium,account_issue,
2349593,@AmazonHelp It is not a delivery for my personal account. The link only takes me to orders that I have placed.,"@656442 You can login to the account in which the order is placed with the link and then choose the specific order needed. Otherwise, you're always welcome to choose the ""Other"" suggestion and the third step should give you an option for a phone call. ^TG",account_issue,medium,account_issue,
2150999,@115821 @AmazonHelp I have a feeling this isn't you. https://t.co/VFUlUNoJRN,@347051 Thank you for bringing this to our attention; you can verify any e-mails received via this link: https://t.co/pE3oHWKgsv ^WM,account_issue,medium,account_issue,
2549520,"Faux mail reçu.
Ne jamais cliquer  bouton "" Annuler la commande "" Sinon le pirate aura accès à votre compte @2600  @63522 https://t.co/8hw7yguedF","@724383 Bonjour Lucien, merci de nous l'avoir signalé. Veuillez transferer cet e-mail frauduleux à l'adresse : __email__.",account_issue,medium,account_issue,
2972846,"“You’re package will be there by 8:00 today” 
8:27 and still haven’t gotten even a notification @115821",@819927 That is strange. Can you please verify for us who the carrier is? We want to help! ^BA,account_issue,medium,account_issue,
2789127,"Hola @AmazonHelp ! Me llegó una notificación de @106955 de una compra por $5,929 a las 8.00 am aprox, que yo NO hice, en @115821 ! ¿Me pueden ayudar? Ya llamé a mi banco para proceder como corresponde. Por favor Amazon, ¡No aprueben la compra!","@778539 Hola, Alan. Por este medio no tenemos acceso a tu cuenta, por lo cuál te recomendamos que contactes con nuestro departamento de Atención al Cliente en el siguiente enlace: https://t.co/beR78zMMYB para revisar con más detalle tu cuenta. ^AA",account_issue,medium,account_issue,
2907861,"@AmazonHelp Je ne trouve pas le suivi. En revanche voici le numéro de commande : 
406-6531018-8684354

J’ai d’ailleurs était étonné de recevoir une autre commande passée beaucoup plus tard.","@805141 N'ayant pas accès à votre compte depuis Twitter veuillez contacter notre service client afin de donner suite à votre requête je vous prie via le lien suivant: https://t.co/hgIrz98cdI. Pour des raisons de sécurité, veuillez supprimer le numéro de commande SVP. ^BR",account_issue,medium,account_issue,
205092,@115830 Seriously nearly lost the will to live. Can sign into Amazon account but not Kindle. Why??!!,@164576 I'm sorry for the sign in trouble! Are you getting an error message? Have you tried restarting your device? ^GL,account_issue,medium,account_issue,
1422807,@AmazonHelp Yup. I don't understand why this is so hard! Why can't I sell on Amazon?,@309803 Have you set up two step verification on the accounts? ^JJ,account_issue,medium,account_issue,
1013778,@AmazonHelp. So how do I get the #money back now unless you can email transfer.,@359877 Once canceled the refund will usually complete within 3 to 5 business days. An email will be sent to confirm. ^CH,refund_issue,high,refund_issue,
322602,@115850 help me to get the refund in order no 402-1224899-9111548. delivered product have manfg defects and battery drain etc issues,@192842 I'm sorry for the trouble. Please fill in your details here: https://t.co/beaaDm0muc and we'll contact you at the earliest. ^AU,refund_issue,high,refund_issue,
2488985,@115830 were is my refund for that prime account I never wanted but you still took money from 2 separate accounts for?,"@640657 Refunds can take 3-5 business days to process. Did you get an e-mail confirming that it was canceled and refunded? If not, we can look into this with you here: https://t.co/qy3J24VGxb ^AF",refund_issue,high,refund_issue,
959312,@115850 @146956 @120844 @734 What is the status till now I have not got my refund amount when I'll get already more than 3 months over,@298113 Sorry for the ordeal. We've sent a correspondence to your registered email ID. Kindly check it 1/2 ^SC,refund_issue,high,refund_issue,
2110004,@115821 dudes. You refunded me for the wrong item. I got my wine. Just not my #reesespeanutbuttercups the wine cost more! I only needed $4!,"@622478 We greatly appreciate your honesty! Please provide your info here: https://t.co/e1bGy9Xhvk, so we look into this for you. ^JN",refund_issue,medium,refund_issue,
1599256,@AmazonHelp annoyed that my NEW book arrived bent and creased today. https://t.co/cUHOfkqAg8,@473447 I'm sorry for the inconvenience! Available replacement and refund options can be found here: https://t.co/3dXIvxU2BP ^DW,refund_issue,high,refund_issue,
1623687,"@AmazonHelp Toujours ce problème d'article endommagé, le SAV est très agressif .","@429585 désolée, vous avez la possibilité de demander le retour de l'article contre un remplacement ou remboursement depuis votre compte^KE",refund_issue,medium,refund_issue,
93738,@115821 since I pay for prime and had a guaranteed delivery date and it was not delivered by then so I get my money back?,"@136320 I'm sorry your order has not arrived! We never intend for this to happen. Just to clarify, have you received an e-mail regarding this delivery? ^AL",refund_issue,high,refund_issue,
807327,@AmazonHelp I have cancelled the order 404-3104256-6132333 on 6 th oct since u guys did not deliver the product. When u r going to refund?,@312377 We would like to help you. Please share your details with us here: https://t.co/GIJyeYqKE0. We'll get in touch shortly.(1/2) ^CB,refund_issue,high,refund_issue,
2300791,@AmazonHelp And now your CS dept want my wife to repack this shower of shite and take time out of her day to return it for a refund?! What are you going to do. glue it together and resell it?!,"@635894 I'm so sorry for the challenge! We shouldn't accept broken glass to be returned for a refund. Please give us another chance to help, call or chat with us here: https://t.co/JzP7hlA23B ^MH",refund_issue,high,refund_issue,
2475920,@115850 @115821 why there is no option of refund on electronic product? I m not happy with service. Provide me refund so I can buy some other product. #NotHappyWithAmazon,"@707772 I understand your concern. However, we do not have a refund policy available on electronics. In case of any defects with the received product, you may request a return for a replacement. You may use this link: https://t.co/3yqvLnyTxi to request a return. ^KH",refund_issue,high,refund_issue,
1178013,@115821 where do I file a claim for an item that was listed as delivered but was never included in the package received?,@397055 Oh no! So sorry you haven't received your item! You can contact us here: https://t.co/hApLpMlfHN for refund/replacement ^AD,refund_issue,high,refund_issue,
1689460,@117795 Paid to watch show now streaming and streaming and streaming Want my money back!,@512960 I'm sorry for the streaming issues! Please give us a call here: https://t.co/hApLpMlfHN so we can look into this with you! ^TR,refund_issue,high,refund_issue,
54370,@AmazonHelp If I don’t get it today can I get a refund on my one day shipping,@128306 We do not have account access here on Twitter. You can reach out here: https://t.co/hApLpMlfHN ^TR,refund_issue,high,refund_issue,
2802336,"@115850  very funny amazon.in 
Being a paid prime member 
Prime item does not received 
Paid on 07 Nov , expeected delivery was 16 Nov.  Cancelled on 20 Nov for refund. 
Very clever way to cheat customer. As no resend option was not there. 
Refund options I will loose 75/- cb",@781723 That's quite a remark. Have you tried reporting this to our support team here : https://t.co/TdDksLo6Mf so that we can assist you accordingly? ^SD,refund_issue,high,refund_issue,
2830688,"Petite question @120533 @AmazonHelp, est-ce que vous savez quand est-ce que vous aurez de nouveau ces articles?
Et surtout si ces offres restera jusqu'au 29 (jour de paie ^^) ?

Merci d'avance :) https://t.co/hSkp89BdX4","@788220 Bonjour, nous n'avons pas de visibilité par rapport au réapprovisionnement des articles ^ME",information_request,medium,information_request,
974983,"@121284 Alexa, when are you coming home?",@351218 Am positive that Alexa will echo at your home pretty soon!! ^PS,information_request,medium,information_request,
2722380,@115833 Is there any way to get the echo to pick original songs by default rather than covers? Using Unlimited.,@763758 We would love to work with you on this in real time. Contact us by Phone or Chat:   https://t.co/JzP7hlA23B ^CH,information_request,medium,information_request,
2847465,"@AmazonHelp Thanks but after ""Instead of me you can very well complaint of this, Sula."" I don't really think that I'm reaching out to the right people.",@791924 I understand! We would like to help! I would like someone from our Social Media team to look into this for you. You can send your information here: https://t.co/xa8Cvjsgib. ^AL,information_request,medium,information_request,
468748,"@AmazonHelp Can you let me know where will be the list announced i.e., on which social platform or any specific url ? So I can check it on time ..",@226616 You may check the updates on the winner's list here: https://t.co/ICRkX2fNTQ  ^SC,information_request,medium,information_request,
1170022,@AmazonHelp 22 minutes on the phone with customer service and no resolution. awesome! 👍,"@395201 This definitely isn't what we strive for! Without including account info, could you tell us more about what's going on? ^ML",information_request,medium,information_request,
789279,@119625 I've already watched 5 unique titles but didn't get any email,"@132741 Samit, watching 5 titles makes you eligible. However, only the winners will receive the email. Bettler luck next time. ^MS",information_request,medium,information_request,
746755,@AmazonHelp Tried that equally as useless.  So what next?,"@298517 When you reached out to us, what information did we provide to you? ^AC",information_request,medium,information_request,
2906640,"@AmazonHelp #facepalm cookies and cache do not create issues like that, those look like placeholder tokens that were not replaced when the page was rendered. I'd suggest you have your developers look into this, I am fairly sure they will find references to the tokens in the source code.","@804864 Are you able to see if the A-Z claim was submitted before you received the error message? If not, you can contact us here and we'll be glad to assist: https://t.co/hApLpMlfHN ^FJ",information_request,medium,information_request,
2416390,@115850 GUYS STOP ROBBING PEOPLE STOP MAKING CUSTOMER'S FOOL &amp; BY DOING THIS IS MAKING UR BRAND DOWNSIDE NOT EXPECTED 4M U @1560,@126983 Looks like you've had an unpleasant experience. Could you please elaborate on your concern so we can help you better? ^ZH,information_request,medium,information_request,
1738561,@115850 I will sue you in the court .. what a disgusting and unprofessional behaviour,@327440 We've responded to your query here: https://t.co/vTHtHPFQFx. ^HA,information_request,medium,information_request,
2477515,"@116935  Even though amazon music is finally available in canada, I can't change the amazon music store to point to canada https://t.co/3Rb6OCdBmp","@708140 I'm sorry for the troubles with changing the music store to Canada, Kumar! We would like to look into this in real time for you. Please reach out to us here: https://t.co/Q7Ftz6nj80. ^AL",information_request,medium,information_request,
2931975,"Anyone else's echo dot started playing up and not responding to requests, even when standing right next to them? #echodot #amazonecho @AmazonHelp","@810925 Hey Kristy, can you please follow these steps here: https://t.co/1k4f11mnaQ ^RS",information_request,medium,information_request,
2528249,"@115850 I can't add my mastero or rupay cards to amazon, can you help me with it?",@719851 We'll certainly help you out. Could you tell me the error that you see while adding the cards? ^AU,information_request,medium,information_request,
493272,"@AmazonHelp Have done that. But what’s the point, have raised it before but no one does anything???",@232601 Kindly share your details via the above link. We'll check this for you. ^SG,information_request,medium,information_request,
1134998,"@AmazonHelp Ok. My current store is the US, not .br, will there be any problems contacting the com.br?",@200294 (2/2)here: https://t.co/eJXKURvpr8. ^MB,other,low,other,
182501,@AmazonHelp Trying to purchase Star Wars Battlefront II for PC and getting this error. https://t.co/QZVlJJRwFy Any help?,@158920 Have you tried clearing cache/cookies and restarting your device? ^VS,other,low,other,
2820492,@AmazonHelp Es que no se si la cague o no…,"@786127 Juanjo, ¿podrías comentarnos cuál es la situación para poder ayudarte? :) ^DQ",other,low,other,
1736803,@AmazonHelp haven't got any email.,@506918 You can check for our response here : https://t.co/DTSNmGldJf. Hope this helps. ^CB,other,low,other,
1265308,@AmazonHelp Any update . Please note that I already called Amazon thrice from last several days. Nothing helped.,@415769 Please be assured we are working on it and shall reach out to you with an update soon. ^GS,other,low,other,
927537,@AmazonHelp I have replied to each and every correspondence. Sadly the buck just seems to be passed on. And still no resolution. Absolutely disgusted with the service. Will never use @115850 again. #worstcustomerserviceever,"@340068 I understand your concern, Sudesh. Please reply to the email you've received from us. I'll get back to you. ^HD",other,low,other,
1723300,@AmazonHelp わかりました！ありがとうございます！,@521334 とんでもないです。どうぞよろしくお願いいたします。TN,other,low,other,
1225726,@AmazonHelp Have tried.india cc asked to call us customer care.i understand ur service.thanks.#cheat #amazon #fraud,"@407556 Sorry to know about your experience, Maharshi. Please share your details here: https://t.co/GIJyeY99fq I'll assist. ^SV",other,low,other,
2550280,"Also wird das Spiel doch nicht mehr heute verschickt??? Langsam echt frustrierend, da schon 22 Uhr 🙃 @116316 @AmazonHelp",@724549 Wir versenden noch bis spät in die Nacht ;) ^NW,other,low,other,
2824678,アマゾンプライム俺も登録しよかな,@786965 様々な特典をご用意しておりますので、ぜひご検討ください！ https://t.co/yX02Y3rtIL  EK,other,low,other,
277594,"そして、メイトに無かったからAmazonで頼んだ٩(๑❛ᴗ❛๑)۶💕💕💕
届くの楽しみー(*´꒳`*)❤️ https://t.co/RvvPUyuEBO","@182308 Amazonをご利用いただき、ありがとうございます🙇
お届けまで待ちきれないところかと思いますが、今しばらくお待ちください😊✨ RI",other,low,other,
841372,朝いきなりAmazon有料サイトてきたあ(＞＜)こわっいぃぃぃ https://t.co/EtCZ6oi0fU,@320165 失礼します。こちらは当サイトからお送りしたものではございません。AmazonからSMSで未納料金などといったメールは送信いたしません。 ヘルプページでも注意喚起を行っておりますので、ご参照ください。https://t.co/k4jy2iTq1Y RI,other,low,other,
2921393,Kitten TV on @116439 🐱🐱🐱 https://t.co/tmvlpcnbJ1,@808529 That's a purrfect shot! ^LS,other,low,other,
1031875,@AmazonHelp pas très pratique comme fonctionnement... pas moyen de régler ça via le support téléphonique ?,@364157 Je vous propose de contacter notre SAV au 08 05 10 14 20 (l'appel est gratuit depuis un poste fixe). ^SB,other,low,other,
2192396,@115821 going forward can we try to be a bit more efficient? This is insanely wasteful for two bungee cords. https://t.co/SwdDuFPYhC,"@641711 Hello Brent! Thanks for reaching out today with this feedback. We're always looking at ways to improve our packaging, so if you wouldn't mind, please leave us yours here: https://t.co/NmArAhsPVj ^TM",other,low,other,
224340,"amazon refuse to provide invoice, seller refuse to provide bill...
only tarik pe tarik di ja rahi h..
@AmazonHelp",@169605 Sorry to know you haven't received the invoice. I'd like to help you with the issue. Kindly fill your 1/2 ^SH,payment_issue,medium,payment_issue,
1655689,"@AmazonHelp It is staying that,I should have done minimum payment or should be a prime member to write a review.",@505269 we'll reach out to you soon. 2/2 ^AP,payment_issue,medium,payment_issue,
2539594,"@115821 why am I paying for 2 day shipping if it’s guaranteed to take 4 days to get here?! Wtf, prime is turning into@a waste of money.  😤","@722217 Hey, without giving any personal info, can you let us know what happened? ^MA",payment_issue,medium,payment_issue,
2670736,"@115850  Is it true and official offered by Amazon India??????

 ""Congratz! Rs.5000 has been credited to your Amazon Pay Balance wallet. Valid till Midnight 11: 59 PM."" https://t.co/lsEzwgbTe5","@752093 The message you received wasn't from Amazon.in. We recommend that you delete the e-mail/ do not respond. For your protection, do not respond to it, and do not open any attachments or click any links it contains. ^AR",payment_issue,medium,payment_issue,
797514,@115851 let me know how to send @115850 gift card to you I'm feedup with this joker's I've 3072 inr balance need to transfer you,"@158494 As requested previously, please fill in your details in the form provided so we could fix this. ^JC",payment_issue,medium,payment_issue,
980223,@AmazonHelp Change from original estimate oct 21 by 8pm to anywhere between oct 21-24. Not sure why I paid extra for overnight if this was goingto occur,"@352415 When you placed the order, what was the date provided to you via email confirmation for the delivery ? ^CR",payment_issue,medium,payment_issue,
1735273,@AmazonHelp One charge is pending and one has been taken out but the one pending has already been pulled out.,@163158 It sounds like you might be seeing an authorization. Please click here: https://t.co/4Z7eDQV5hY to read more info on them ^NM,payment_issue,medium,payment_issue,
677631,@AmazonHelp Do we have any option to transfer Amazon pay balance from one amazon account to another? This is a much needed feature!,"@281648 I understand your concern that you want to transfer Amazon pay from one account to another account. Unfortunately, Amazon Pay Balance is nontransferable. Please refer to the link here: https://t.co/T3OIWCRX7n for more details on Amazon Pay policy. ^SY",payment_issue,medium,payment_issue,
2568530,"@117086 queridoss &lt;3 aqui, mnh mãe disse q esse mês foi cobrado duas vezes no cartão a minha conta do Kindle Unlimited. tem como analisar?","@728537 Oi Julia, pode falar com o SAC (https://t.co/Qzzg8y1LhY), eles te ajudam! ^VL",payment_issue,medium,payment_issue,
1252203,"@AmazonHelp haven't got the cashback for the 1st Recharge via Amazon pay, it's being 15 days now, the recharge was meant for @120602",@413738 Apologies for the delay. May I know if you've reported this to our support team? ^EM,payment_issue,medium,payment_issue,
331579,So much for @115821 prime -   why am I paying for 2 day shipping when my last 4 packages took 5?? 😡 #annoyed #primelies,@194958 I'm sorry for the frustration! Did you receive any notifications regarding delays? ^AC,payment_issue,medium,payment_issue,
2511467,@AmazonHelp Just a charge,@715830 What Amazon website is your account on? https://t.co/4QMruY51pq .co.uk? ^JJ,payment_issue,medium,payment_issue,
448677,"@120533 3e fois à la suite que je commande en ""prime"" et que j'ai 2 jours de retards sur la livraison ... Faudra peut-être revoir la mention ""livraison en 1 jour ouvré""","@221305 Bonsoir, je suis désolée d'apprendre cela. Quel est le transporteur qui prend en charge votre livraison je vous prie? ^BR",payment_issue,medium,payment_issue,
2236343,Why is amazon charging me for prime and kindle when I never signed up for this?? 😤,@652188 I'm sorry for the unexpected charge! You'll be able to cancel the Amazon Prime Membership at this link here: https://t.co/bhTXbqkZdg ^VS,payment_issue,medium,payment_issue,
921500,"@AmazonHelp How about you ring me, and decide how you going to resolve than me doing all the ground work",@338757 We can't access your account via Twitter. I would recommend contacting the purchaser of the vouchers for more info. ^LB,payment_issue,medium,payment_issue,
595739,@AmazonHelp It says to contact seller for details! First time I emailed they said they would send again and now they haven’t replied!,"@261164 I'm sorry that you're having trouble with an order from a Third-Party seller. If it has been more than two business days since you have heard from the seller, you can file an A to Z Claim, here: https://t.co/wSkIOZlDwp  ^SP",order_issue,medium,order_issue,
2903608,@AmazonHelp Still confused. Item I purchased is marked as Prime and in stock. Therefore should be despatched tomorrow latest surely? So I should have it Thursday? https://t.co/SaqeLWGZzK,"@804152 Some items do take longer to process! We don't have access to orders via social media, if you'd like us to look into this order, please reach out to us here:https://t.co/JzP7hlA23B ^AH",order_issue,medium,order_issue,
439278,@AmazonHelp Check the order details and u will understand the cncrn.sent mail to resolution-in and yet to get any https://t.co/VoRoMjnex6 lost my phone,@219326 and we’ll contact you at the earliest. (2/2)^AU,order_issue,medium,order_issue,
131701,@AmazonHelp trying to order the Switch on amazon UK and it says in stock but won’t let me add to basket!?,"@145700 Can you let me know if you are getting an error message when you try? Or is the ""Add to Basket"" button not showing for you at all? ^KI",order_issue,medium,order_issue,
1738928,@AmazonHelp 9406986788,"@443512 Don't provide your order number, we consider it to be personal info. Our Twitter page is visible to the public. ^MP 2/2",order_issue,medium,order_issue,
967163,@AmazonHelp Order #405-0688730-3012319,@349554 your details through the link provided above so that we can look into the issue. 2/3 ^SH,order_issue,medium,order_issue,
448757,"@115830, postal issues have meant I now have 2 of item I ordered. Looking to speak to someone about it but can’t access customer services",@221322 Oh no! You can call or chat with us here: https://t.co/ZhCcKCQYfs ^ BA,order_issue,medium,order_issue,
2511793,@AmazonHelp F***ing dumb people i want product at my door step can’t u understand my simple world. F^^k off @115850 @115851,@295979 We will not be able to confirm any order detail on social platform. Please reply to the emails for further assistance ^RW,order_issue,medium,order_issue,
2495468,@AmazonHelp My email is __email__ let me know if you need anything else.,"@712213 We're unable to review account or order details over Twitter, but we do want to help. Will you tell us about what happened? ^DW",order_issue,medium,order_issue,
1315490,Seriously how did the order get cancelled when it didn't even leave out for delivery. Unethical behavior @115850 https://t.co/Sy9PYTwvnc,"@427320 Sincere apologies for this. However, when an order is canceled, it is followed by an automated email with the 1/3 ^RS",order_issue,high,order_issue,
2117802,"@133929 Hi, I would like to cancel an order I made through @115850. It's yet to be cleared through the customs. Can you help me?","@624163 Sure, Abhishek. Please connect to our support team here: https://t.co/vlvfJrlYEH and we’ll be glad to help you. ^NK",order_issue,medium,order_issue,
1505374,@AmazonHelp i think amazon have just took a random £1 off me? I have no idea why,"@165090 We're here to help! In most cases, a smaller amount, such as €1, is an authorization. Have you recently ordered an item? ^AL",order_issue,medium,order_issue,
418990,@AmazonHelp We too tried to be in touch with customer care but instead of helping out they said they don't have any responsibility regarding this...,"@214939 with an update at the earliest. Also, please don't provide your order details, as we consider it to be personal 2/3 ^EM",order_issue,medium,order_issue,
348953,@AmazonHelp Like I mentioned in my first tweet I was assured and sent an email confirmation but still I keep receiving the product every 2 months. Not sure if its a bug in your systems that my order is not getting updated,"@199061 Sorry to hear that, please contact us by phone or chat once more here: https://t.co/hApLpM3Ejd to discuss this with an agent.^JJ",order_issue,medium,order_issue,
226420,@115850 Why’s that i get #WrongPageError when i place an order followg ur optns available?,"@170046 That's unsual, kindly connect with our support team here: https://t.co/qWSC0jKBRG. We'll look into it. ^PS",order_issue,medium,order_issue,
813282,My Amazon Prime now ish still isn’t here. Welp guess I’ll be late for work.,"@311605 I'm sorry for the wait! Have you tried to contact us using the app? If so, were we able to give any insight/info? ^KN",digital_content_issue,medium,digital_content_issue,
144051,@AmazonHelp Can you get them to reply to me?,@148572 We don't have access into your account through Twitter. You would need to contact the Audible team directly here: https://t.co/fts8XDcFug ^NC,digital_content_issue,medium,digital_content_issue,
840899,@115850 may be you start uploading Kannada movies too.,@320061 Please stay tuned as we expand our content selection. ^PS,digital_content_issue,medium,digital_content_issue,
2739372,"@AmazonHelp è una card verde, c'è scritto ""streaming di film e serie tv""",@235302 quella che ti è arrivata è una lettera pubblicitaria; per accedere ad Amazon Video è sufficiente che tu clicchi su https://t.co/H9c9lFzEOF e inserisca le stesse credenziali che usi per accedere al tuo account Amazon. Buona serata! ^AP,digital_content_issue,high,digital_content_issue,
1091673,"@116618 have a membership, get on my iPad with the app , doesn’t let me watch anything.fix it",@377585 I'm sorry you're having issues playing Amazon Video. What happens when you try to watch something? Are you getting an error? ^AM,digital_content_issue,high,digital_content_issue,
387154,@AmazonHelp Nö :-) Mein Kindle Account läuft auf .com,@207643 Bitte melde dies dem Kundenservice bei https://t.co/nUUp5MLhYl: https://t.co/zuibKcg15S  ^RS,digital_content_issue,medium,digital_content_issue,
2823969,You know you’re a nerd when you’re so excited about having ordered a #Kindle Paperwhite that you can’t sleep. Thanks @115821 for my Sunday night insomnia. #BookAddict #EBooks,@786823 I don't think there is anything more exciting than curling up with your kindle and a hot drink in the winter! 📚☕ ^KI,digital_content_issue,medium,digital_content_issue,
2527631,"@115821 @119625 why is suits, only till S06E10 on Prime Video India? It even shows the release date as 2017, whereas the show is in its 7th season, and season 6 has 16 episodes. When are the rest going to be available? And why has it not, been already made available. Shame","@125408 Also, thank you for flagging the release year, I've escalated it to the concerned team internally. 2/2 ^AP",digital_content_issue,high,digital_content_issue,
2529310,"@116618 can you please let us buffer the video? I let the web page open for an hour, hoping the little HD icon would light up, in vain. I don't wanna watch content in 360p under the pretense that my internet connection is too slow for 1080p stream without buffer.","@720103 Thanks for reaching out. We're here to help! Have you tried the troubleshooting steps listed here: https://t.co/HePT2g8air 

-Susan T.",digital_content_issue,high,digital_content_issue,
1558047,"@AmazonHelp hi I am trying to set up multi-room music across my echo and dot but when I select one, the other becomes unavailable. Help?",@481569 Play the same song from multiple Echo devices by synchronizing them in the Alexa app! Learn how here:https://t.co/qe7RMjAO9N ^ZW,digital_content_issue,medium,digital_content_issue,
1993327,@117795 hi my orders keep cancelling by themselves and I’m not being alerted. Why is this?!,@589912 That's strange! Have you tried reaching out to us via the Prime Now app so we could check together in real-time? ^FD,digital_content_issue,medium,digital_content_issue,
2432718,@AmazonHelp Thanks.  Sony Bravia KDL 46W905A,@698178 Thank you for letting us know! Our first step will be to have you log out and then to log back into the app. Let us know if this resolves the issue! ^DA,digital_content_issue,medium,digital_content_issue,
2596368,@116618 @143798 @115786 ummmmmm help? https://t.co/QOG7NtUFwH,"@275555 I'm sorry to hear you're having trouble with your stream. Have you tried the troubleshooting steps listed here? https://t.co/qtUUowEL6r
^LA",digital_content_issue,medium,digital_content_issue,
873862,@AmazonHelp I'm trying to watch 12 Chairs on prime but the subtitles are about a minute off to the words. Is it an issue on my end or yours,"@327462 Hmmm, lets work together here to find out! Have you tried uninstalling the app and re-installing it? Let us know! ^SA",digital_content_issue,medium,digital_content_issue,
2668694,fire TV stick を手に入れたら、一気に我が家が文明開化した！,"@751686 (*ﾟﾛﾟ)ﾊｯ!! 文明開化ですかっ!!
Fire TV Stickがお客様のお宅でお役に立てたら嬉しいです。どうぞ末永くかわいがっていただけますように… RI",digital_content_issue,medium,digital_content_issue,
570773,"New Nautanki Started by Amazon now a days, after getting the order on Prepaid they are returning it back to seller without attempt @115821 #JEFFBEZOS order no. 610208358591",@254040 Please don’t provide your order details as we consider them to be personal information. Our Twitter page is visible to public. (2/2)^BS,return_issue,medium,return_issue,
873728,@AmazonHelp what's your return policy on wireless routers?,@327439 Thanks for reaching out! You can find our return policy here: https://t.co/8pD1f0CseB ^DG,return_issue,medium,return_issue,
2816293,@AmazonHelp ordered a JBL CHARGE3 on Black Friday. Unplugged it the first time it does this help!  @164902 maybe you can help too?  I don’t want a return just a new cord. https://t.co/UbEAakQCcI,@547100 So sorry for the trouble! We're here to help! Have you had the chance to look into available options here: https://t.co/eVeMpO7mHH? ^VB,return_issue,medium,return_issue,
2762043,3 @106239 mats down and they all have lost their stick. I am starting to think they are not genuine mats as I bought them on @115821... Still annoying to run into this problem at 12:00am on a Tuesday.,"@371295 Hey, I'm sorry to hear about the issues with the mats. You can organise a return using our Online Returns Center: http:https://t.co/DLe9KUYAqA. ^PJ",return_issue,medium,return_issue,
304392,Okay but... I'm officially a victim of misleading photos on Amazon. @115821 https://t.co/hl2Z2nJQJm,@188696 I'm sorry your order didn't arrive as you expected. Let's explore your return options here: https://t.co/Hzomb3EI6X ^GG,return_issue,medium,return_issue,
1101926,@AmazonHelp I missed the return window,@380009 Was there a problem with your order? ^TP,return_issue,medium,return_issue,
1021068,"@117093 we received 3 large deliveries BUT we didn't order-u sent to wrong name,address n town-how do we return things we didn't order",@361624 I'm sorry for the troubles. You'll have an option to choose I didn't order this item on an order: https://t.co/1qmPVi6U9x ^VS,return_issue,medium,return_issue,
1722503,"@115833 @126972 Just got the echo show.. turn off hints, PLEASE!  I hate them  enough to return this damn thing!  They are obstructing my photo and I am not an idiot! I don’t need your constant hints on my screen!!!","@643614 Hi there! I'm sorry that you're having some trouble with the hints on the Echo Show. This link provides information on all of the Show's settings: https://t.co/fy5a13Hi6P  If none of those settings are helpful, please reach out to us for further assistance!  ^SP",return_issue,medium,return_issue,
2245436,"@115830 hi, i bought a laptop and after further checking (i normally trust what i get from Amazon) i realised i wasnt delivered what i paid for. The ram is different and it shows in terms of freezing constantly and shutting down. This is really affecting my uni work. https://t.co/WmdrIjlcr2",@654440 I'm sorry you didn't receive the correct item! You can find return/replace options for the laptop here: https://t.co/rd2SV4o0l8 ^KH,return_issue,medium,return_issue,
2278928,@AmazonHelp What?? Till now nothing started can you please give me my money i don't know how or when you initiat your pick up. Thats enough,@662596 Could you please confirm if you've shared your details in the link provided to you earlier? ^SU,return_issue,medium,return_issue,
2028541,Ayo @217158 look what finally arrived! Yes the corners are bent so thank @115821 https://t.co/tpmci6UbE5,@350731 I'm sorry your book arrived like this. See your available return/replacement options here: https://t.co/NO8LmoVI7z ^CL,return_issue,medium,return_issue,
142879,"um, hiiiiiii I need coffee and Amazon sent the wrong humidifier filter so I'm drier than a desert???",@148251 Oh no! Sorry you did not receive the correct item. Please visit our online returns center here:https://t.co/TdGQys9JgY to look into available options. Thank you ^AP,return_issue,medium,return_issue,
1341710,"@AmazonHelp Text said package lost, contact you, but no contact info anywhere. It's not a return. How do we contact you as you requested?","@432942 I'm sorry your package was lost. We'd be happy to go over your options, please contact us here: https://t.co/hApLpMlfHN ^CO",return_issue,medium,return_issue,
2950673,@AmazonHelp There is no return item within the packaging? Should there be???,@263914 Sorry for the mix-up. We're referring to the return labels provided when you went through the return process on our site. Were you given one return label with both items on it? Or one return label per item? ^LI,return_issue,high,return_issue,
416955,@AmazonHelp He obviously hasn’t returned my messages,"@214481 (2/2) Once met, we can then file the claim. Here are the instructions on how to do so: https://t.co/Ow1ADwAFjZ ^DW",return_issue,medium,return_issue,
2803312,Hey @115821 we love the convenience of shopping your site &amp; do it regularly but this is ridiculous. Why not slap the label on the pouch &amp; send it on it’s way. Heck add your amazon prime sticker too if that’s important. https://t.co/i6hqF3BJLG,@781964 Hey Megan! Thank you for bring this to our attention! We're always looking to improve. You can help us by sending your packing feedback: https://t.co/OQvl3hYqe9. We apprciate it. ^LS,complaint,medium,complaint,
1933027,Continued shockingly awful service from @115821. Account still on hold for over 2 weeks. No one able to actually help @AmazonHelp shameful,@420470 I'm sorry for the trouble! Have you checked your spam/junk folders for an email from our Account Specialists? ^QJ,complaint,medium,complaint,
600271,@115830 really annoying Mr at this stage can't get a single issue resolved. Can I please have a contact number for customer service in Ireland,@262359 We definitely don't want to disappoint you. You can contact us via phone by using this link: https://t.co/JzP7hlA23B ^KB,complaint,medium,complaint,
233436,Is this happened with any one? @115850 is getting worst day by day. I contacted them regarding this. bt they r just circling around https://t.co/gUqPQyxWEK,"@171574 Sorry for the experience, Nagraj. Kindly fill in your details here: https://t.co/bON1yA9soc and we will get back to you. ^KS",complaint,medium,complaint,
710645,"@AmazonHelp Take it on urgent.
I will b on traveling from sat. That's why I raised that product.
If not came b4 Friday than it will b disappointment",@246259 I kindly request you to wait till then. (2/2)^AU,complaint,medium,complaint,
18933,@AmazonHelp When will be the earliest?? 1 more month?,"@120227 I get your disappointment. As informed earlier, we've escalated the issue and will get back to you with an update soon. ^MO",complaint,medium,complaint,
319195,@AmazonHelp my order which was due today was not delivered... totally disappointed and unsatisfactory...very poor service,@172360 https://t.co/5UW3dJpD9a so that we can get in touch with you. (2/2)^VM,complaint,high,complaint,
394901,"@115821 @119356 @AmazonHelp @115851 @209576 Is there anyone who is really concerned abt their customers?  Desperately looking for positive solution. I m not getting any Email response too. Extremely disappointing. Instead of postmorteming the issue, give me the replacement of goods..🙏🙏",@209575 Request you to revert to our email correspondence that you have received on your registered email ID here: https://t.co/NTkrxpsbHJ with further query on this and we'll be happy to take it over from there. (2/2)^SF,complaint,medium,complaint,
324346,@AmazonHelp An ordr placed bfor 5 days nt yt shipped. Im expecting better service. Copyrights of worst service r reserved by @118702 only!,@171430 Could you let us know if we've missed the estimates mentioned here: https://t.co/pYHdlcj0Ot ? ^SG(2/2),complaint,medium,complaint,
762464,"@AmazonHelp Yes.  But it's @81, and they are terrible and their drivers don't actually come by.",@302180 Please give us a call here: https://t.co/hApLpMlfHN so we can take a look into this with you! ^TR,complaint,medium,complaint,
69813,@AmazonHelp I wrote mail back ! I understand you want cheat Indian customer and you don't want solve the problem. Till I get my product I won't stop tweeting. Worst experience in the world- Amazon,@131812 We value your time and make sure to resolve this at the earliest. Appreciate your patience. ^MN,complaint,medium,complaint,
830525,"@115850 @AmazonHelp still not getting response very poor service 
No one contact me.",@179062 Our teams are working on your issue right now and will provide you an update at the earliest. (1/2) ^SF,complaint,medium,complaint,
1630999,@115821 @115850 @AmazonHelp I have just received the worst customer service form @AmazonHelp in the most policy driven non human way.,@499175 Certainly not what we expect to happen. Kindly let us know what went wrong. We would like to help you. ^CB,complaint,medium,complaint,
656035,@AmazonHelp Yup. Still not here. I hate when y'all use anyone other than UPS/USPS,@276067 Thanks for letting us know! Someone from my team would like to look into this with you. Please provide as many details as you can about this issue here: https://t.co/OaUdTwdwBo ^AJ,complaint,medium,complaint,
417512,@115850 bad service to customers And return policy are worst.My product return is not done from last 15 day and amazon care not supporting,@214621 I'll look into it for you. (2/2) ^ST,complaint,high,complaint,
669773,"@AmazonHelp I'm visiting family for the holiday, and am hundreds of miles from my Echo. Can I not take advantage of the Alexa deals?!",@279745 In order to access Alexa deals you will need to order directly from a device via Alexa. ^NN,order_issue,medium,order_issue,
936653,@AmazonHelp Too easy. Thanks 😊👍🏻,@214488 You are very welcome 😊 Have a nice day! ^LG,other,low,other,
1721686,@AmazonHelp ORDER # 407-8280851-7971518. Iphone7 ws ordrd fr frnd. Hvnt rcd it yt. Ordr sys delivrd. Pl assist urgently! Need the product.,"@521000 Please don’t provide your order details, we consider them as personal information. Our Twitter page is visible to public.^VM",order_issue,medium,order_issue,
2459221,@AmazonHelp This what I got mail no solution issue still the same. Now what? Shall I file complain in consumer forum https://t.co/aV61ABolwP,@410967 The resolution provided by our team is the best we could offer. ^MN,information_request,medium,information_request,
2273233,"Bonjour @120533, j'ai renvoyé un colis mardi matin (mauvais article reçu ) et je n'ai aucune nouvelle depuis. Le statut du retour a même disparu sur le site. n° de commande : 408-2311467-0692361","@484666 Bonjour, désolée pour cela, lorsque vous avez fait le retour avec notre étiquette, avez-vous eu un numéro de suivi à vérifier sur le site du transporteur je vous prie ? 
^KE",return_issue,medium,return_issue,
2291454,"@120533 Bonjour :) J'ai un soucis avec une commande, impossible de contacter le SAV, possible de m'aider par DM ? La bise &lt;3","@665518 Bonjour Clémence, je vous invite à initier la conversation par DM. ^SM",other,low,other,
2965257,"@AmazonHelp Als ich den Tweet sendete, kam die Mail. Jetzt liegt es an @134825 💪",@136634 Ha! Siehst du? :D ^TA,other,low,other,
2434583,"@115850 This is 3rd time I have tried placing an order for a book and again the payment is not accepted😑
I would not mind if its a gift😜",@406894 Apologies that your payment wasn't successful. Have you reported this to our support team here: https://t.co/vlvfJr4nN9 ^RB,payment_issue,medium,payment_issue,
30028,@AmazonHelp ご返信ありがとうございます。問い合わせさせていただきました。ご丁寧にありがとうございます。,@122604 とんでもないことでございます。恐れ入りますが、カスタマーサービスからの回答をお待ちください。TN,other,low,other,
1427864,"@115830 Yes, and surprisingly enough they don’t say ‘inside my bin’","@383588 When you have a moment, please phone us here: https://t.co/JzP7hlA23B to report this delivery. ^LB",delivery_issue,medium,delivery_issue,
1630242,@115850 follwing our site frm 2months 2buy iphone. now i got cash enough to buy 7 u increased cost of it in span of 10 days?? frm 38to 45k,"@498978 I get your concern, Surya. The constantly changing marketplace and our efforts to offer ^SM (1/2)",information_request,medium,information_request,
2677396,@AmazonHelp voy a dejar a alguien aqui hasta las 17h....como no llegue ya os digo que quiero la devolución del dinero y no pienso recepcionar paq,"@753510 Por favor, mantennos informados. ^HC",refund_issue,medium,refund_issue,
551964,"@AmazonHelp To start this week orders 113-0295326-8478617 and 
114-5428843-6957832",@248658 Have we missed the delivery date given in your order confirmation e-mails: https://t.co/gac6ez4TzD? Please let us know! ^KJ,delivery_issue,medium,delivery_issue,
2986074,"アマゾンで雑誌買ったんやけど、付録ついてない！？！？
付録のポーチ欲しくて買ったのに
もう一回注文履歴でページ見てもちゃんと付録付きって書いてるのに",@823364 ご不便をおかけしております。ご投稿の問題につきましては、カスタマーサービスにてご注文を確認のうえご案内させていただきます。お手数ですが、以下リンクよりカスタマーサービスへお問い合わせください。　https://t.co/J6YEizo6qC　SM,other,low,other,
637348,"@AmazonHelp not a single response from usps. all I received from you guys was ""we do not have a delivery date"" and it was sent to KY.","@271121 Thanks for the update, Tiania. In this case, would you be able to reach out to us here via phone or chat so we can take a look at this order with you?  https://t.co/hApLpMlfHN ^GS",delivery_issue,medium,delivery_issue,
1830612,"@AmazonHelp 
404-7262011-6964352 can you give me cashback rs1500",@535850 Could you please tell us more about the promotion you're referring to? ^HK,information_request,medium,information_request,
279163,"@AmazonHelp https://t.co/ZmO6GiOmzz, with priority international shipping!",@182574 Can you contact us here: https://t.co/hApLpMlfHN? ^MC,delivery_issue,medium,delivery_issue,
507105,"@AmazonHelp Super recomendo. Livro nota 10, bem escrito e emocionante!","@236398 Vamos também adicionar na nossa lista, Denise 😉 Agradecemos muito a recomendação! ^LG",other,low,other,
834414,@AmazonHelp Hable con atención al cliente y puse día reclamaciones,"@318697 Lamentamos lo sucedido, Laura. ¿El pedido es gestionado por Amazon o por un vendedor externo? ^AV",delivery_issue,medium,delivery_issue,
2321052,amazonで注文したらいつ支払いすればいいの？？📨🌊,@672638 (1/2)コンビニ払いをご利用でしょうか？ https://t.co/st4oU5QbhPが発送する商品の場合、お支払い番号は商品が出荷準備に入りしだい発行されます。出荷準備が開始されていない場合は、今しばらくお待ちください。 YM,other,low,other,
686747,Kein Verlass mehr auf @116316 wenn´s um Prime geht... Von den letzten 5 Bestellungen kam eine einzige pünktlich an 😠,"@283970 Hey, natürlich solltest du deine Lieferungen zum angegebenen Tag erhalten. Leider kann ich über Twitter nicht in dein Konto einsehen. Melde dich mal beim Kundenservice. Die helfen dir bestimmt weiter: https://t.co/ohyvGrpvrY ^AM",other,low,other,
1100478,"tried ordering Wide Sargasso Sea off @115821 because i need it for college and my shipping address clearly has Fredericksburg, VA in it and they sent it to Troy, AL 😤😤 @AmazonHelp https://t.co/FAvVqC0fdq","@379637 Oh no! Mary, we would love to look into this with you in real time. Please contact us here:  https://t.co/hApLpMlfHN ^LM",delivery_issue,medium,delivery_issue,
465060,"@AmazonHelp ま、まさかの公式さん…！！
ネット関係に疎く不安に思っていたのでとても安心しました。フォロワーさんにきいたところ同様の件が多発しているようで、お忙しい中対応も大変でしょうにご丁寧にありがとうございます！",@225617 はい、アマゾン公式でございます。暖かいお言葉ありがとうございます。少しでもお役に立てましたのなら幸いです。Twitterでもサポートしておりますので、何かお困りの際にはご遠慮なくお知らせくださいませ。ET,other,low,other,
835108,"@116875 
Nunca solicite membresia de usa solo de mexico lo tengo
Porque paso eso deseo mi devolucion mi dinero ayudenme lo sucedido https://t.co/53JVEvO2CY","@318838 Hola Angel, puedes ver como cancelar la membresía, accediendo al siguiente enlace: https://t.co/JBXTcCCT33 ^AV",refund_issue,medium,refund_issue,
1824799,@AmazonHelp @7092 @115821 where is the order not received Today as well ... i want compensation https://t.co/UkIMH0oi0A,@547793 Sorry for the hassle. Please report this to our support team here: https://t.co/vlvfJr4nN9 and we'll check this. ^HN,order_issue,medium,order_issue,
2360577,@AmazonHelp  https://t.co/dCRGwLZ3It,@439571 I can definitely understand your frustration! Please give us a call so we can look into your account and the delivery together : https://t.co/hApLpMlfHN. Please let us know if you have further questions or concerns. ^TG,delivery_issue,medium,delivery_issue,
2371327,Lol what do you do if someone steals your amazon package from your front door?,@684233 If that were to happen I would say reach out to us in real time by phone or chat using this link: https://t.co/hApLpMlfHN so that we can go over some options ^CH,delivery_issue,medium,delivery_issue,
316502,@AmazonHelp ByCheats IMean unprofessionalDeliveryAgents whoMakeFalseStatusUpdates &amp;DontDeliverForDays. DontAllow Amazon&amp;Customers2BCheated.😢 @115851,@191574 Did you share your details with us your details using the secure link we had shared? ^CB,other,low,other,
1047928,"Hi @AmazonHelp I was suppose to get a package today, but Canada Post messed up. I'm leaving tommorow and I need that package. :(",@367685 Oh no! Contact us here: https://t.co/Q7Ftz6nj80 so we can look into this with you! We're here to help! ^AD,delivery_issue,medium,delivery_issue,
2386049,@AmazonHelp Dommage ... A mon avis je vais avoir mon colis demain au lieu d'aujourd'hui comme pour la dernière fois :/,@687658 Que dit le suivi de votre commande ? ^SM,delivery_issue,medium,delivery_issue,
458905,@115821 you need better customer service reps.,"@223983 Please be sure to leave feedback in the survey at the bottom of the e-mail sent after speaking with us. Once completed, these are sent to management for review to help with coaching opportunities. ^EP",other,low,other,
2276361,@AmazonHelp yes!that's what I did previously and spent hours talking to your support guys.Amazon doesn't pay me for my time. call me. i wnt write nythng,@336585 I'm sorry about the situation. Kindly share your details here: https://t.co/GIJyeYqKE0 and I'll look into this. ^SG,information_request,medium,information_request,
1500793,@AmazonHelp Yes. We live together.,@130374 In this case you will need to go into their profile and make sure their information matches yours. We hope this helps! ^JD,information_request,medium,information_request,
511729,@115830 rubbish delivery service over and over again. And again.,@237645 Oh no! Did we miss the delivery date listed here:  https://t.co/Y5jpI9gRhE ? ^TL,delivery_issue,medium,delivery_issue,
2878606,@AmazonHelp It's not possible via Twitter? I need to send everything once again via mail?,@798970 We have no access to your account from Twitter. Please reach our CS. ^ARC,other,low,other,
